{"dim0": -0.8, "dim1": 1.0, "scale": 15, "magnitude": 1.0, "dir1_scale": 1.0, "dir2_scale": 1.0, "episode_rewards": 499.0, "episode_std_rewards": 0.0, "episode_stderr_rewards": 0.0, "episode_value_ests": 48.735835710334776, "episode_values": 45.000205119925695, "episode_td_err": 5.371078762047304, "episode_avg_len": 500.0, "episode_std_avg_len": 0.0, "step_rewards": 0.998, "step_value_ests": 48.735835710334776, "step_values": 45.000205119925695, "step_td_err": 5.371078762047304}