{"dim0": -0.26666666666666666, "dim1": -0.2, "scale": 15, "magnitude": 1.0, "dir1_scale": 1.0, "dir2_scale": 1.0, "episode_rewards": 499.0, "episode_std_rewards": 0.0, "episode_stderr_rewards": 0.0, "episode_value_ests": 49.714796345520014, "episode_values": 45.000205119925695, "episode_td_err": 4.943124328437769, "episode_avg_len": 500.0, "episode_std_avg_len": 0.0, "step_rewards": 0.998, "step_value_ests": 49.71479634552002, "step_values": 45.000205119925695, "step_td_err": 4.943124328437769}