{"dim0": -0.26666666666666666, "dim1": 1.0, "scale": 15, "magnitude": 1.0, "dir1_scale": 1.0, "dir2_scale": 1.0, "episode_rewards": 499.0, "episode_std_rewards": 0.0, "episode_stderr_rewards": 0.0, "episode_value_ests": 48.924692687225345, "episode_values": 45.000205119925695, "episode_td_err": 4.8744530172557985, "episode_avg_len": 500.0, "episode_std_avg_len": 0.0, "step_rewards": 0.998, "step_value_ests": 48.92469268722534, "step_values": 45.000205119925695, "step_td_err": 4.8744530172557985}