{"dim0": -0.5333333333333333, "dim1": -0.06666666666666667, "scale": 15, "magnitude": 1.0, "dir1_scale": 1.0, "dir2_scale": 1.0, "episode_rewards": 499.0, "episode_std_rewards": 0.0, "episode_stderr_rewards": 0.0, "episode_value_ests": 49.7245792066574, "episode_values": 45.000205119925695, "episode_td_err": 4.944719415059083, "episode_avg_len": 500.0, "episode_std_avg_len": 0.0, "step_rewards": 0.998, "step_value_ests": 49.72457920665741, "step_values": 45.000205119925695, "step_td_err": 4.944719415059082}