{"dim0": 0.06666666666666667, "dim1": 0.8, "scale": 15, "magnitude": 1.0, "dir1_scale": 1.0, "dir2_scale": 1.0, "episode_rewards": 499.0, "episode_std_rewards": 0.0, "episode_stderr_rewards": 0.0, "episode_value_ests": 49.70706951446533, "episode_values": 45.000205119925695, "episode_td_err": 4.9396026283772425, "episode_avg_len": 500.0, "episode_std_avg_len": 0.0, "step_rewards": 0.998, "step_value_ests": 49.70706951446533, "step_values": 45.000205119925695, "step_td_err": 4.9396026283772425}