{"dim0": 0.7333333333333333, "dim1": 0.9333333333333333, "scale": 15, "magnitude": 1.0, "dir1_scale": 1.0, "dir2_scale": 1.0, "episode_rewards": 467.5813953488372, "episode_std_rewards": 116.17704726964084, "episode_stderr_rewards": 17.71683361408366, "episode_value_ests": 48.89186565283623, "episode_values": 43.08766716071363, "episode_td_err": 6.97735362668862, "episode_avg_len": 468.5813953488372, "episode_std_avg_len": 116.17704726964084, "step_rewards": 0.9978658990520621, "step_value_ests": 49.21117506150756, "step_values": 44.81058168557238, "step_td_err": 5.117641947380073}