{"dim0": 0.8, "dim1": 0.8666666666666667, "scale": 15, "magnitude": 1.0, "dir1_scale": 1.0, "dir2_scale": 1.0, "episode_rewards": 487.4878048780488, "episode_std_rewards": 73.71401561142207, "episode_stderr_rewards": 11.51219512195122, "episode_value_ests": 49.32980130682756, "episode_values": 44.18133290434837, "episode_td_err": 6.880456715789271, "episode_avg_len": 488.4878048780488, "episode_std_avg_len": 73.71401561142207, "step_rewards": 0.9979528659876173, "step_value_ests": 49.43448868068317, "step_values": 44.953267567325206, "step_td_err": 5.062515811406589}