{"dim0": 0.8, "dim1": 0.9333333333333333, "scale": 15, "magnitude": 1.0, "dir1_scale": 1.0, "dir2_scale": 1.0, "episode_rewards": 487.7317073170732, "episode_std_rewards": 72.152277992536, "episode_stderr_rewards": 11.268292682926829, "episode_value_ests": 49.092546594935605, "episode_values": 44.26219929596212, "episode_td_err": 6.2244625481796225, "episode_avg_len": 488.7317073170732, "episode_std_avg_len": 72.152277992536, "step_rewards": 0.9979538876135343, "step_value_ests": 49.18740003429519, "step_values": 44.94282349133326, "step_td_err": 5.040912468001935}