{"dim0": 0.8666666666666667, "dim1": 0.8666666666666667, "scale": 15, "magnitude": 1.0, "dir1_scale": 1.0, "dir2_scale": 1.0, "episode_rewards": 487.9024390243902, "episode_std_rewards": 71.05906165931576, "episode_stderr_rewards": 11.097560975609756, "episode_value_ests": 49.23744440611138, "episode_values": 44.313042751517514, "episode_td_err": 5.792610120946362, "episode_avg_len": 488.9024390243902, "episode_std_avg_len": 71.05906165931576, "step_rewards": 0.9979546021451734, "step_value_ests": 49.36780207865433, "step_values": 44.936956700384016, "step_td_err": 5.047997421012599}