{"dim0": 0.8666666666666667, "dim1": 0.8, "scale": 15, "magnitude": 1.0, "dir1_scale": 1.0, "dir2_scale": 1.0, "episode_rewards": 487.3658536585366, "episode_std_rewards": 74.49488442086508, "episode_stderr_rewards": 11.634146341463412, "episode_value_ests": 49.461919975021864, "episode_values": 44.136857810935254, "episode_td_err": 6.526118714675741, "episode_avg_len": 488.3658536585366, "episode_std_avg_len": 74.49488442086508, "step_rewards": 0.9979523547919892, "step_value_ests": 49.588984918244286, "step_values": 44.95954505338332, "step_td_err": 5.049835957557246}