{"dim0": 0.8666666666666667, "dim1": 0.9333333333333333, "scale": 15, "magnitude": 1.0, "dir1_scale": 1.0, "dir2_scale": 1.0, "episode_rewards": 487.4390243902439, "episode_std_rewards": 74.02636313519928, "episode_stderr_rewards": 11.560975609756097, "episode_value_ests": 48.963467779048614, "episode_values": 44.16388547155818, "episode_td_err": 5.708853787705233, "episode_avg_len": 488.4390243902439, "episode_std_avg_len": 74.02636313519928, "step_rewards": 0.997952661539998, "step_value_ests": 49.1218473191958, "step_values": 44.95568715602079, "step_td_err": 5.022640749644877}