{"dim0": 0.8666666666666667, "dim1": -1.0, "scale": 15, "magnitude": 1.0, "dir1_scale": 1.0, "dir2_scale": 1.0, "episode_rewards": 496.7317073170732, "episode_std_rewards": 14.524159855640361, "episode_stderr_rewards": 2.268292682926829, "episode_value_ests": 48.80729997395289, "episode_values": 44.97237434579606, "episode_td_err": 5.041240606911127, "episode_avg_len": 497.7317073170732, "episode_std_avg_len": 14.524159855640361, "step_rewards": 0.9979908854804724, "step_value_ests": 48.810629730123665, "step_values": 44.977447628481535, "step_td_err": 5.047866190508798}