{"dim0": 0.8666666666666667, "dim1": 1.0, "scale": 15, "magnitude": 1.0, "dir1_scale": 1.0, "dir2_scale": 1.0, "episode_rewards": 466.9767441860465, "episode_std_rewards": 118.4045704499324, "episode_stderr_rewards": 18.05652771446086, "episode_value_ests": 48.5024902950798, "episode_values": 42.91584964258868, "episode_td_err": 9.174667188234269, "episode_avg_len": 467.9767441860465, "episode_std_avg_len": 118.4045704499324, "step_rewards": 0.9978631416786762, "step_value_ests": 48.76878129346514, "step_values": 44.830250821757524, "step_td_err": 5.356538295418972}