{"dim0": 0.8666666666666667, "dim1": -0.6, "scale": 15, "magnitude": 1.0, "dir1_scale": 1.0, "dir2_scale": 1.0, "episode_rewards": 499.0, "episode_std_rewards": 0.0, "episode_stderr_rewards": 0.0, "episode_value_ests": 49.54120110511779, "episode_values": 45.000205119925695, "episode_td_err": 4.923128410900871, "episode_avg_len": 500.0, "episode_std_avg_len": 0.0, "step_rewards": 0.998, "step_value_ests": 49.5412011051178, "step_values": 45.000205119925695, "step_td_err": 4.92312841090087}