{"dim0": 0.9333333333333333, "dim1": -0.7333333333333333, "scale": 15, "magnitude": 1.0, "dir1_scale": 1.0, "dir2_scale": 1.0, "episode_rewards": 497.2439024390244, "episode_std_rewards": 11.244510855979636, "episode_stderr_rewards": 1.7560975609756095, "episode_value_ests": 49.301660900861165, "episode_values": 44.97970998926563, "episode_td_err": 4.930930974706621, "episode_avg_len": 498.2439024390244, "episode_std_avg_len": 11.244510855979636, "step_rewards": 0.9979929508517721, "step_value_ests": 49.30336819830439, "step_values": 44.982599453545106, "step_td_err": 4.932553594326417}