{"dim0": 0.9333333333333333, "dim1": 0.6, "scale": 15, "magnitude": 1.0, "dir1_scale": 1.0, "dir2_scale": 1.0, "episode_rewards": 487.7560975609756, "episode_std_rewards": 71.99610423064739, "episode_stderr_rewards": 11.243902439024389, "episode_value_ests": 49.90833345084223, "episode_values": 44.26973784458385, "episode_td_err": 6.489642424906136, "episode_avg_len": 488.7560975609756, "episode_std_avg_len": 71.99610423064739, "step_rewards": 0.9979539897200459, "step_value_ests": 49.96727088278321, "step_values": 44.94191792129944, "step_td_err": 5.1460012306356}