{"dim0": 0.9333333333333333, "dim1": 0.6666666666666666, "scale": 15, "magnitude": 1.0, "dir1_scale": 1.0, "dir2_scale": 1.0, "episode_rewards": 488.3170731707317, "episode_std_rewards": 68.40410770720946, "episode_stderr_rewards": 10.682926829268293, "episode_value_ests": 49.757287768996484, "episode_values": 44.41972218450807, "episode_td_err": 5.4368009368053665, "episode_avg_len": 489.3170731707317, "episode_std_avg_len": 68.40410770720946, "step_rewards": 0.9979563353603829, "step_value_ests": 49.837199448897444, "step_values": 44.92665374808682, "step_td_err": 5.0785430982201225}