{"dim0": 0.9333333333333333, "dim1": -0.9333333333333333, "scale": 15, "magnitude": 1.0, "dir1_scale": 1.0, "dir2_scale": 1.0, "episode_rewards": 494.3658536585366, "episode_std_rewards": 29.67301475883515, "episode_stderr_rewards": 4.634146341463414, "episode_value_ests": 48.877395635489314, "episode_values": 44.92583068878533, "episode_td_err": 5.214063172923053, "episode_avg_len": 495.3658536585366, "episode_std_avg_len": 29.67301475883515, "step_rewards": 0.9979812900049236, "step_value_ests": 48.88734079179712, "step_values": 44.95366159359414, "step_td_err": 5.1905135572530945}