{"dim0": 0.9333333333333333, "dim1": -0.06666666666666667, "scale": 15, "magnitude": 1.0, "dir1_scale": 1.0, "dir2_scale": 1.0, "episode_rewards": 487.9024390243902, "episode_std_rewards": 71.05906165931577, "episode_stderr_rewards": 11.097560975609758, "episode_value_ests": 50.06069816742357, "episode_values": 44.313042751517514, "episode_td_err": 6.13549891977247, "episode_avg_len": 488.9024390243902, "episode_std_avg_len": 71.05906165931577, "step_rewards": 0.9979546021451734, "step_value_ests": 50.10278977536596, "step_values": 44.936956700384016, "step_td_err": 5.126907394864595}