{"dim0": 0.9333333333333333, "dim1": -0.8, "scale": 15, "magnitude": 1.0, "dir1_scale": 1.0, "dir2_scale": 1.0, "episode_rewards": 487.4634146341463, "episode_std_rewards": 73.87018937331068, "episode_stderr_rewards": 11.53658536585366, "episode_value_ests": 49.052088687507336, "episode_values": 44.17266517228445, "episode_td_err": 6.6011202527663775, "episode_avg_len": 488.4634146341463, "episode_std_avg_len": 73.87018937331068, "step_rewards": 0.997952763768912, "step_value_ests": 49.19387886554796, "step_values": 44.95446253631164, "step_td_err": 5.046394602510763}