{"dim0": 0.9333333333333333, "dim1": -0.8666666666666667, "scale": 15, "magnitude": 1.0, "dir1_scale": 1.0, "dir2_scale": 1.0, "episode_rewards": 470.30232558139534, "episode_std_rewards": 101.33690506324058, "episode_stderr_rewards": 15.453733144075075, "episode_value_ests": 48.79322952172111, "episode_values": 43.75223280985684, "episode_td_err": 6.019946162461907, "episode_avg_len": 471.30232558139534, "episode_std_avg_len": 101.33690506324058, "step_rewards": 0.9978782196782789, "step_value_ests": 49.01505476365164, "step_values": 44.764319601552174, "step_td_err": 5.143142245768445}