{"dim0": 0.9333333333333333, "dim1": 0.8, "scale": 15, "magnitude": 1.0, "dir1_scale": 1.0, "dir2_scale": 1.0, "episode_rewards": 477.0952380952381, "episode_std_rewards": 99.19672730729837, "episode_stderr_rewards": 15.30638732879226, "episode_value_ests": 49.23213089753542, "episode_values": 43.57080631763853, "episode_td_err": 6.558305178910969, "episode_avg_len": 478.0952380952381, "episode_std_avg_len": 99.19672730729837, "step_rewards": 0.9979083665338645, "step_value_ests": 49.49074697560998, "step_values": 44.886570581715475, "step_td_err": 5.127121891838382}