{"dim0": 0.9333333333333333, "dim1": -0.3333333333333333, "scale": 15, "magnitude": 1.0, "dir1_scale": 1.0, "dir2_scale": 1.0, "episode_rewards": 488.3658536585366, "episode_std_rewards": 68.09176018343224, "episode_stderr_rewards": 10.634146341463415, "episode_value_ests": 49.83709270265626, "episode_values": 44.43089137531542, "episode_td_err": 5.8177080344009715, "episode_avg_len": 489.3658536585366, "episode_std_avg_len": 68.09176018343224, "step_rewards": 0.9979565390749602, "step_value_ests": 49.86047769391366, "step_values": 44.92574941488895, "step_td_err": 5.087115000127822}