{"dim0": 0.9333333333333333, "dim1": 1.0, "scale": 15, "magnitude": 1.0, "dir1_scale": 1.0, "dir2_scale": 1.0, "episode_rewards": 438.7608695652174, "episode_std_rewards": 150.74897232487135, "episode_stderr_rewards": 22.226723367919483, "episode_value_ests": 47.87224420167948, "episode_values": 41.35220822173166, "episode_td_err": 8.241238130882204, "episode_avg_len": 439.7608695652174, "episode_std_avg_len": 150.74897232487135, "step_rewards": 0.9977260368777497, "step_value_ests": 48.60637843998383, "step_values": 44.636278670876855, "step_td_err": 5.384700374189198}