{"dim0": 0.9333333333333333, "dim1": 0.9333333333333333, "scale": 15, "magnitude": 1.0, "dir1_scale": 1.0, "dir2_scale": 1.0, "episode_rewards": 477.8809523809524, "episode_std_rewards": 95.67939411183283, "episode_stderr_rewards": 14.763651033799057, "episode_value_ests": 48.77743512409692, "episode_values": 43.779578326683215, "episode_td_err": 5.598851744559024, "episode_avg_len": 478.8809523809524, "episode_std_avg_len": 95.67939411183283, "step_rewards": 0.9979117983393825, "step_value_ests": 48.99534629484556, "step_values": 44.86469974709414, "step_td_err": 5.162582362129998}