{"dim0": 0.9333333333333333, "dim1": 0.26666666666666666, "scale": 15, "magnitude": 1.0, "dir1_scale": 1.0, "dir2_scale": 1.0, "episode_rewards": 477.04761904761904, "episode_std_rewards": 99.41927780400967, "episode_stderr_rewards": 15.34072761597054, "episode_value_ests": 50.12765123851717, "episode_values": 43.55333057596007, "episode_td_err": 7.985266281747456, "episode_avg_len": 478.04761904761904, "episode_std_avg_len": 99.41927780400967, "step_rewards": 0.997908158183086, "step_value_ests": 50.21806150661164, "step_values": 44.88909749647181, "step_td_err": 5.238396578232376}