{"dim0": 0.9333333333333333, "dim1": -1.0, "scale": 15, "magnitude": 1.0, "dir1_scale": 1.0, "dir2_scale": 1.0, "episode_rewards": 480.5, "episode_std_rewards": 83.8847205482823, "episode_stderr_rewards": 12.943693391233886, "episode_value_ests": 48.54182362395732, "episode_values": 44.26568615479771, "episode_td_err": 5.891667173875558, "episode_avg_len": 481.5, "episode_std_avg_len": 83.8847205482823, "step_rewards": 0.9979231568016614, "step_value_ests": 48.72034765974572, "step_values": 44.83681820796945, "step_td_err": 5.363370978476446}