{"dim0": 0.9333333333333333, "dim1": -0.4666666666666667, "scale": 15, "magnitude": 1.0, "dir1_scale": 1.0, "dir2_scale": 1.0, "episode_rewards": 488.5853658536585, "episode_std_rewards": 66.68619632643478, "episode_stderr_rewards": 10.414634146341463, "episode_value_ests": 49.68177831501296, "episode_values": 44.478002513195925, "episode_td_err": 5.671337260037763, "episode_avg_len": 489.5853658536585, "episode_std_avg_len": 66.68619632643478, "step_rewards": 0.9979574552881981, "step_value_ests": 49.703630754969396, "step_values": 44.92234170130655, "step_td_err": 5.0611114216103035}