{"dim0": 1.0, "dim1": -0.7333333333333333, "scale": 15, "magnitude": 1.0, "dir1_scale": 1.0, "dir2_scale": 1.0, "episode_rewards": 477.3809523809524, "episode_std_rewards": 82.66239077023684, "episode_stderr_rewards": 12.75508381172305, "episode_value_ests": 49.12924426478975, "episode_values": 44.28239804973181, "episode_td_err": 5.593589334846795, "episode_avg_len": 478.3809523809524, "episode_std_avg_len": 82.66239077023684, "step_rewards": 0.9979096157674696, "step_value_ests": 49.227552850242155, "step_values": 44.80146205642291, "step_td_err": 5.182372891566198}