{"dim0": 1.0, "dim1": 1.0, "scale": 15, "magnitude": 1.0, "dir1_scale": 1.0, "dir2_scale": 1.0, "episode_rewards": 418.75, "episode_std_rewards": 165.52180546715402, "episode_stderr_rewards": 23.891014735803562, "episode_value_ests": 47.613983198991015, "episode_values": 40.45253166897593, "episode_td_err": 10.46652995854654, "episode_avg_len": 419.75, "episode_std_avg_len": 165.52180546715402, "step_rewards": 0.9976176295413937, "step_value_ests": 48.425663215242636, "step_values": 44.445133151191015, "step_td_err": 5.599702822574394}