{"dim0": 1.0, "dim1": 0.5333333333333333, "scale": 15, "magnitude": 1.0, "dir1_scale": 1.0, "dir2_scale": 1.0, "episode_rewards": 477.3809523809524, "episode_std_rewards": 97.99874374031845, "episode_stderr_rewards": 15.12153445120772, "episode_value_ests": 49.855584341335835, "episode_values": 43.623828837085235, "episode_td_err": 7.507702207717655, "episode_avg_len": 478.3809523809524, "episode_std_avg_len": 97.99874374031845, "step_rewards": 0.9979096157674696, "step_value_ests": 49.99715906572655, "step_values": 44.884274118676196, "step_td_err": 5.210287921246852}