{"dim0": 1.0, "dim1": 0.4666666666666667, "scale": 15, "magnitude": 1.0, "dir1_scale": 1.0, "dir2_scale": 1.0, "episode_rewards": 476.6666666666667, "episode_std_rewards": 101.10020787575229, "episode_stderr_rewards": 15.600100757092447, "episode_value_ests": 49.93904519933128, "episode_values": 43.44588784573356, "episode_td_err": 8.459485194021024, "episode_avg_len": 477.6666666666667, "episode_std_avg_len": 101.10020787575229, "step_rewards": 0.9979064898813678, "step_value_ests": 50.07259339671135, "step_values": 44.900994315651914, "step_td_err": 5.258727800329426}