{"dim0": 1.0, "dim1": -0.8666666666666667, "scale": 15, "magnitude": 1.0, "dir1_scale": 1.0, "dir2_scale": 1.0, "episode_rewards": 449.77777777777777, "episode_std_rewards": 129.41562517873967, "episode_stderr_rewards": 19.292142350019684, "episode_value_ests": 48.456684184358195, "episode_values": 42.75422140031197, "episode_td_err": 7.550064318169094, "episode_avg_len": 450.77777777777777, "episode_std_avg_len": 129.41562517873967, "step_rewards": 0.9977816120285925, "step_value_ests": 48.86374025822038, "step_values": 44.59332810587375, "step_td_err": 5.433533277296562}