{"dim0": 1.0, "dim1": 0.6, "scale": 15, "magnitude": 1.0, "dir1_scale": 1.0, "dir2_scale": 1.0, "episode_rewards": 466.93023255813955, "episode_std_rewards": 118.49480505969495, "episode_stderr_rewards": 18.07028836344417, "episode_value_ests": 49.59076089547826, "episode_values": 42.93617973970962, "episode_td_err": 6.583068840438302, "episode_avg_len": 467.93023255813955, "episode_std_avg_len": 118.49480505969495, "step_rewards": 0.9978629292778689, "step_value_ests": 49.88138202303038, "step_values": 44.8232769981036, "step_td_err": 5.173961682591837}