{"dim0": 1.0, "dim1": -0.9333333333333333, "scale": 15, "magnitude": 1.0, "dir1_scale": 1.0, "dir2_scale": 1.0, "episode_rewards": 471.5348837209302, "episode_std_rewards": 88.50056465711964, "episode_stderr_rewards": 13.496209583838986, "episode_value_ests": 48.52692765370649, "episode_values": 44.13468682743214, "episode_td_err": 5.967116314776742, "episode_avg_len": 472.5348837209302, "episode_std_avg_len": 88.50056465711964, "step_rewards": 0.997883754121758, "step_value_ests": 48.70820283319509, "step_values": 44.744441194875684, "step_td_err": 5.478977864752732}