{"dim0": 1.0, "dim1": -0.6666666666666666, "scale": 15, "magnitude": 1.0, "dir1_scale": 1.0, "dir2_scale": 1.0, "episode_rewards": 464.25581395348837, "episode_std_rewards": 100.66306198763509, "episode_stderr_rewards": 15.350973038416713, "episode_value_ests": 49.22577564078854, "episode_values": 43.960864897103285, "episode_td_err": 6.038732954934298, "episode_avg_len": 465.25581395348837, "episode_std_avg_len": 100.66306198763509, "step_rewards": 0.997850644806558, "step_value_ests": 49.329899491208394, "step_values": 44.65833512760956, "step_td_err": 5.30260738755717}