{"dim0": 1.0, "dim1": -0.2, "scale": 15, "magnitude": 1.0, "dir1_scale": 1.0, "dir2_scale": 1.0, "episode_rewards": 487.9268292682927, "episode_std_rewards": 70.90288789742715, "episode_stderr_rewards": 11.073170731707316, "episode_value_ests": 49.94686308796661, "episode_values": 44.319951319264675, "episode_td_err": 6.099152384636042, "episode_avg_len": 488.9268292682927, "episode_std_avg_len": 70.90288789742715, "step_rewards": 0.9979547041803851, "step_value_ests": 49.97745062131481, "step_values": 44.93620438820632, "step_td_err": 5.1094765260568895}