{"dim0": 1.0, "dim1": 0.4, "scale": 15, "magnitude": 1.0, "dir1_scale": 1.0, "dir2_scale": 1.0, "episode_rewards": 488.4146341463415, "episode_std_rewards": 67.77941265965502, "episode_stderr_rewards": 10.585365853658535, "episode_value_ests": 50.068045644338625, "episode_values": 44.441797663523175, "episode_td_err": 5.462949048981287, "episode_avg_len": 489.4146341463415, "episode_std_avg_len": 67.77941265965502, "step_rewards": 0.9979567427489285, "step_value_ests": 50.13095095358899, "step_values": 44.924901094358816, "step_td_err": 5.108881887884855}