{"dim0": 1.0, "dim1": -1.0, "scale": 15, "magnitude": 1.0, "dir1_scale": 1.0, "dir2_scale": 1.0, "episode_rewards": 391.2307692307692, "episode_std_rewards": 170.31650068986215, "episode_stderr_rewards": 23.61864908826523, "episode_value_ests": 47.55744368327609, "episode_values": 40.60137469576278, "episode_td_err": 9.076760589167037, "episode_avg_len": 392.2307692307692, "episode_std_avg_len": 170.31650068986215, "step_rewards": 0.9974504804863699, "step_value_ests": 48.330851809420665, "step_values": 43.887450635323894, "step_td_err": 6.32459403032436}