{"dim0": 1.0, "dim1": 0.8, "scale": 15, "magnitude": 1.0, "dir1_scale": 1.0, "dir2_scale": 1.0, "episode_rewards": 466.16279069767444, "episode_std_rewards": 121.33482408148008, "episode_stderr_rewards": 18.503387203983806, "episode_value_ests": 49.01122465169009, "episode_values": 42.684613699015514, "episode_td_err": 8.483338699182358, "episode_avg_len": 467.16279069767444, "episode_std_avg_len": 121.33482408148008, "step_rewards": 0.9978594185583433, "step_value_ests": 49.39826099001901, "step_values": 44.856742161915925, "step_td_err": 5.280088996002476}