{"dim0": 1.0, "dim1": -0.06666666666666667, "scale": 15, "magnitude": 1.0, "dir1_scale": 1.0, "dir2_scale": 1.0, "episode_rewards": 479.1190476190476, "episode_std_rewards": 90.19280226026162, "episode_stderr_rewards": 13.917051531226901, "episode_value_ests": 50.017643076380615, "episode_values": 44.029806243853805, "episode_td_err": 6.051863410423054, "episode_avg_len": 480.1190476190476, "episode_std_avg_len": 90.19280226026162, "step_rewards": 0.9979171832382842, "step_value_ests": 50.07694778782896, "step_values": 44.8474065633007, "step_td_err": 5.186579361033739}