{"dim0": 1.0, "dim1": 0.7333333333333333, "scale": 15, "magnitude": 1.0, "dir1_scale": 1.0, "dir2_scale": 1.0, "episode_rewards": 456.6363636363636, "episode_std_rewards": 135.52586484609975, "episode_stderr_rewards": 20.4312928674059, "episode_value_ests": 49.105449139995955, "episode_values": 42.12693737130096, "episode_td_err": 8.326515952795235, "episode_avg_len": 457.6363636363636, "episode_std_avg_len": 135.52586484609975, "step_rewards": 0.9978148589590783, "step_value_ests": 49.57780713754653, "step_values": 44.789009350855025, "step_td_err": 5.282740219721366}