{"dim0": 1.0, "dim1": 0.9333333333333333, "scale": 15, "magnitude": 1.0, "dir1_scale": 1.0, "dir2_scale": 1.0, "episode_rewards": 458.4318181818182, "episode_std_rewards": 122.07420498286575, "episode_stderr_rewards": 18.40337884132269, "episode_value_ests": 48.43718583611978, "episode_values": 42.84796054634415, "episode_td_err": 6.366922006579309, "episode_avg_len": 459.4318181818182, "episode_std_avg_len": 122.07420498286575, "step_rewards": 0.9978233984664853, "step_value_ests": 48.85558402943428, "step_values": 44.72316354989923, "step_td_err": 5.27911501437705}