{"dim0": 1.0, "dim1": -0.5333333333333333, "scale": 15, "magnitude": 1.0, "dir1_scale": 1.0, "dir2_scale": 1.0, "episode_rewards": 491.5609756097561, "episode_std_rewards": 47.63299737602485, "episode_stderr_rewards": 7.439024390243903, "episode_value_ests": 49.57677671905575, "episode_values": 44.81554014135699, "episode_td_err": 5.178924484390936, "episode_avg_len": 492.5609756097561, "episode_std_avg_len": 47.63299737602485, "step_rewards": 0.99796979450359, "step_value_ests": 49.58794168782547, "step_values": 44.92709808830119, "step_td_err": 5.050112167682677}