{"dim0": 1.0, "dim1": -0.26666666666666666, "scale": 15, "magnitude": 1.0, "dir1_scale": 1.0, "dir2_scale": 1.0, "episode_rewards": 491.9512195121951, "episode_std_rewards": 45.134217185807145, "episode_stderr_rewards": 7.048780487804877, "episode_value_ests": 49.90003689075594, "episode_values": 44.83723722838737, "episode_td_err": 5.173677826663501, "episode_avg_len": 492.9512195121951, "episode_std_avg_len": 45.134217185807145, "step_rewards": 0.997971401711939, "step_value_ests": 49.90975198344176, "step_values": 44.930449282525366, "step_td_err": 5.071396190566867}