{"dim0": 1.0, "dim1": 0.06666666666666667, "scale": 15, "magnitude": 1.0, "dir1_scale": 1.0, "dir2_scale": 1.0, "episode_rewards": 486.8536585365854, "episode_std_rewards": 71.20834255043776, "episode_stderr_rewards": 11.120874733954363, "episode_value_ests": 50.11096369192778, "episode_values": 44.301576174566044, "episode_td_err": 6.1096876674194185, "episode_avg_len": 487.8536585365854, "episode_std_avg_len": 71.20834255043776, "step_rewards": 0.997950204979502, "step_value_ests": 50.151360427578766, "step_values": 44.926079341400914, "step_td_err": 5.101571468228088}