{"dim0": 1.0, "dim1": -0.8, "scale": 15, "magnitude": 1.0, "dir1_scale": 1.0, "dir2_scale": 1.0, "episode_rewards": 444.0652173913044, "episode_std_rewards": 134.29460188934755, "episode_stderr_rewards": 19.800658803608545, "episode_value_ests": 48.660696546727095, "episode_values": 42.81823903404963, "episode_td_err": 6.896717847106298, "episode_avg_len": 445.0652173913044, "episode_std_avg_len": 134.29460188934755, "step_rewards": 0.9977531382796855, "step_value_ests": 49.01209626966186, "step_values": 44.48830756756511, "step_td_err": 5.448160353675117}