{"dim0": 1.0, "dim1": -0.6, "scale": 15, "magnitude": 1.0, "dir1_scale": 1.0, "dir2_scale": 1.0, "episode_rewards": 498.3658536585366, "episode_std_rewards": 4.060517809103758, "episode_stderr_rewards": 0.6341463414634148, "episode_value_ests": 49.48926769155306, "episode_values": 44.99351973315183, "episode_td_err": 4.976401570927644, "episode_avg_len": 499.3658536585366, "episode_std_avg_len": 4.060517809103758, "step_rewards": 0.9979974601934161, "step_value_ests": 49.489685087100575, "step_values": 44.99385932493873, "step_td_err": 4.975387062148645}