{"dim0": 1.0, "dim1": 0.2, "scale": 15, "magnitude": 1.0, "dir1_scale": 1.0, "dir2_scale": 1.0, "episode_rewards": 483.9761904761905, "episode_std_rewards": 75.30830553594033, "episode_stderr_rewards": 11.620323824164345, "episode_value_ests": 50.15200111804973, "episode_values": 44.21920758821792, "episode_td_err": 6.540607806328782, "episode_avg_len": 484.9761904761905, "episode_std_avg_len": 75.30830553594033, "step_rewards": 0.997938043104718, "step_value_ests": 50.185898985285206, "step_values": 44.90242104989147, "step_td_err": 5.178099260435694}