{"dim0": 1.0, "dim1": 0.6666666666666666, "scale": 15, "magnitude": 1.0, "dir1_scale": 1.0, "dir2_scale": 1.0, "episode_rewards": 466.4651162790698, "episode_std_rewards": 120.23713649388054, "episode_stderr_rewards": 18.33599141620303, "episode_value_ests": 49.39176234567779, "episode_values": 42.77805300092202, "episode_td_err": 7.935463908118601, "episode_avg_len": 467.4651162790698, "episode_std_avg_len": 120.23713649388054, "step_rewards": 0.9978608029451271, "step_value_ests": 49.74681614152318, "step_values": 44.845006385739495, "step_td_err": 5.2449350544127595}