{"dim0": 1.0, "dim1": -0.4, "scale": 15, "magnitude": 1.0, "dir1_scale": 1.0, "dir2_scale": 1.0, "episode_rewards": 488.219512195122, "episode_std_rewards": 69.02880275476387, "episode_stderr_rewards": 10.780487804878048, "episode_value_ests": 49.71880357894064, "episode_values": 44.39656481187406, "episode_td_err": 5.963369152075886, "episode_avg_len": 489.219512195122, "episode_std_avg_len": 69.02880275476387, "step_rewards": 0.9979559278093528, "step_value_ests": 49.76444759876686, "step_values": 44.92863982664887, "step_td_err": 5.091843925880063}