{"dim0": 1.0, "dim1": 0.8666666666666667, "scale": 15, "magnitude": 1.0, "dir1_scale": 1.0, "dir2_scale": 1.0, "episode_rewards": 410.2448979591837, "episode_std_rewards": 180.7893030819123, "episode_stderr_rewards": 25.827043297416044, "episode_value_ests": 48.12181778589363, "episode_values": 39.32079713142118, "episode_td_err": 13.21359254944611, "episode_avg_len": 411.2448979591837, "episode_std_avg_len": 180.7893030819123, "step_rewards": 0.9975683588903776, "step_value_ests": 49.08346693339842, "step_values": 44.45986676189913, "step_td_err": 5.67125616131832}