{"dim0": 1.0, "dim1": 0.0, "scale": 15, "magnitude": 1.0, "dir1_scale": 1.0, "dir2_scale": 1.0, "episode_rewards": 488.0487804878049, "episode_std_rewards": 70.12201908798413, "episode_stderr_rewards": 10.951219512195124, "episode_value_ests": 50.08882596277631, "episode_values": 44.35324445760969, "episode_td_err": 6.088932568995808, "episode_avg_len": 489.0487804878049, "episode_std_avg_len": 70.12201908798413, "step_rewards": 0.9979552142037803, "step_value_ests": 50.12345213164986, "step_values": 44.93273742530185, "step_td_err": 5.1433312436751795}