{"dim0": 1.0, "dim1": -0.4666666666666667, "scale": 15, "magnitude": 1.0, "dir1_scale": 1.0, "dir2_scale": 1.0, "episode_rewards": 498.1463414634146, "episode_std_rewards": 5.466081666101212, "episode_stderr_rewards": 0.8536585365853658, "episode_value_ests": 49.67672924522762, "episode_values": 44.99103190304295, "episode_td_err": 4.959380964879285, "episode_avg_len": 499.1463414634146, "episode_std_avg_len": 5.466081666101212, "step_rewards": 0.9979965795260201, "step_value_ests": 49.67721103171454, "step_values": 44.99165943803616, "step_td_err": 4.959383427541647}