{"dim0": 0.26666666666666666, "dim1": -0.6666666666666666, "scale": 15, "magnitude": 1.0, "dir1_scale": 1.0, "dir2_scale": 1.0, "episode_rewards": 499.0, "episode_std_rewards": 0.0, "episode_stderr_rewards": 0.0, "episode_value_ests": 49.349372254943844, "episode_values": 45.000205119925695, "episode_td_err": 4.87178008339299, "episode_avg_len": 500.0, "episode_std_avg_len": 0.0, "step_rewards": 0.998, "step_value_ests": 49.349372254943844, "step_values": 45.000205119925695, "step_td_err": 4.87178008339299}