{"checkpoint": "0010000", "episode_rewards": 129.22222222222223, "episode_std_rewards": 36.72457548351573, "episode_stderr_rewards": 12.241525161171909, "episode_value_ests": 31.603797361760282, "episode_values": 31.46327335003482, "episode_td_err": 0.8479143013604254, "episode_avg_len": 130.22222222222223, "episode_std_avg_len": 36.72457548351573, "step_rewards": 0.992320819112628, "step_value_ests": 31.525063034617453, "step_values": 32.584519478762395, "step_td_err": 0.5972720350635403}