{"checkpoint": "0020000", "episode_rewards": 239.2, "episode_std_rewards": 39.770592150482244, "episode_stderr_rewards": 17.785949510779567, "episode_value_ests": 33.262811007110656, "episode_values": 39.47937381006771, "episode_td_err": 0.4006601443625334, "episode_avg_len": 240.2, "episode_std_avg_len": 39.770592150482244, "step_rewards": 0.9958368026644463, "step_value_ests": 33.18327505006877, "step_values": 39.69421464663051, "step_td_err": 0.3946368807654883}