{"checkpoint": "0080000", "episode_rewards": 499.0, "episode_std_rewards": 0.0, "episode_stderr_rewards": 0.0, "episode_value_ests": 50.003372299194346, "episode_values": 45.0002051199257, "episode_td_err": 5.000121905863748, "episode_avg_len": 500.0, "episode_std_avg_len": 0.0, "step_rewards": 0.998, "step_value_ests": 50.00337229919434, "step_values": 45.000205119925695, "step_td_err": 5.000121905863747}